id;name;created;updated
1;New Taiwan Dollar connecting Fiji Dollar;2020-12-16T04:53:43;2020-12-16T01:54:17
2;Jamaica Iraqi Dinar;2020-12-15T11:28:48;2020-12-16T04:02:40
3;yellow;2020-12-16T01:20:12;2020-12-16T07:58:16
4;open-source;2020-12-16T05:11:46;2020-12-15T17:38:57
5;bottom-line;2020-12-15T12:55:14;2020-12-15T12:36:58
6;recontextualize synthesizing;2020-12-16T01:57:48;2020-12-15T13:59:14
7;Tasty;2020-12-16T09:09:31;2020-12-15T12:09:19
8;Ohio deposit Iraq;2020-12-15T19:54:04;2020-12-16T05:40:19
9;exuding Rubber Refined Frozen Shoes;2020-12-16T06:21:47;2020-12-16T00:52:30
10;Group Harbors access;2020-12-15T21:45:17;2020-12-16T05:35:06
