id;requested_user_id;invite_code;invited_user_id;created_by;created;updated
1;XML monitoring;Re-engineered;Lodge Bacon;Ways;2020-12-16T06:02:11;2020-12-15T12:37:10
2;Cambridgeshire expedite;global Parkway;platforms optimize;Granite program Handcrafted Steel Car;2020-12-15T19:10:58;2020-12-15T20:14:08
3;wireless cross-platform;Netherlands Antillian Guilder;Refined fuchsia;pink Credit Card Account Florida;2020-12-16T07:17:51;2020-12-15T12:10:31
4;Group auxiliary;Borders haptic monitor;monetize concept;Optimization withdrawal Station;2020-12-15T18:02:05;2020-12-16T01:33:35
5;Indiana Lane;Licensed Steel Gloves application Gloves;Rhode Island Associate;Group networks;2020-12-16T09:29:59;2020-12-16T03:50:55
6;Ball Handmade cyan;redefine;mesh Canada;Universal;2020-12-16T10:15:32;2020-12-15T13:36:14
7;Facilitator ubiquitous;online virtual Toys;invoice;bypass Home Loan Account;2020-12-16T07:01:40;2020-12-16T04:20:38
8;Cambridgeshire parsing haptic;Executive AI Ergonomic;index;executive;2020-12-16T02:23:13;2020-12-15T19:45:15
9;Meadows invoice Synchronised;Unbranded bluetooth;system-worthy mobile;CSS Arkansas scalable;2020-12-16T05:51:38;2020-12-15T11:28:55
10;Avon Vatu Brazilian Real;withdrawal Concrete strategy;Program Baby Future;Metal synthesize Home;2020-12-15T17:58:52;2020-12-16T02:30:32
