id;first_name;last_name;email;phone;created_by;created;updated
1;Aletha;Orn;Margaret71@hotmail.com;(187) 179-1261;Outdoors;2020-12-16T01:57:20;2020-12-15T20:28:48
2;Marjory;Crist;Velma.Schaefer@hotmail.com;1-285-399-9259 x56086;Future-proofed;2020-12-16T04:42:06;2020-12-16T05:50:57
3;Foster;Gorczany;Raina_Moen@yahoo.com;(063) 017-8118 x459;Avon;2020-12-15T15:27:20;2020-12-15T20:00:35
4;Meghan;Collier;Hobart_Koepp42@hotmail.com;126.475.2843;Creative;2020-12-16T01:56:59;2020-12-16T05:40:13
5;Tyree;Pfannerstill;Misael.Hoppe@yahoo.com;(404) 145-1278 x62459;Upgradable Practical Cheese;2020-12-16T08:05:18;2020-12-15T12:25:29
6;Gabriella;Wiza;Webster_Skiles@gmail.com;(689) 882-3815;convergence;2020-12-16T05:04:11;2020-12-15T13:37:17
7;Marques;Hirthe;Alexys65@gmail.com;(291) 646-8070 x21604;interface;2020-12-15T13:06:39;2020-12-16T07:57:41
8;Marcella;Koss;Maximus.Turcotte@yahoo.com;460-533-9532 x877;Sleek SMS grow;2020-12-16T07:43:07;2020-12-15T13:17:13
9;Elias;Stokes;Garry.Grady@yahoo.com;1-391-481-3577;copy hacking Fiji Dollar;2020-12-16T01:31:35;2020-12-15T18:04:31
10;Neil;Parisian;Damian_Hills14@yahoo.com;426-678-7167;olive matrix pixel;2020-12-16T05:28:29;2020-12-16T02:21:43
