id;profile_content;first_name;last_name;email;phone;created_by;created;updated
1;Sleek Buckinghamshire;Lyda;Kuphal;Stewart20@hotmail.com;1-321-637-1771;IB;2020-12-15T18:35:55;2020-12-15T22:13:46
2;Intelligent indexing systems;Santos;Bailey;Ana_Dickens31@gmail.com;369-181-4971;Bhutan convergence;2020-12-16T04:12:02;2020-12-16T03:25:15
3;bypass Concrete;Clint;Kertzmann;Vicente_Carroll66@gmail.com;324-515-1434;feed one-to-one;2020-12-15T13:23:06;2020-12-16T00:55:43
4;withdrawal withdrawal Credit Card Account;River;Marvin;Ericka_Block@gmail.com;(717) 826-0915 x448;Brazil multi-byte Keyboard;2020-12-15T13:20:38;2020-12-15T20:27:53
5;Armenian Dram Applications;Violette;Kris;Denis_Denesik@yahoo.com;179-994-5557;Tasty;2020-12-15T17:19:01;2020-12-15T23:29:25
6;primary;Hermann;Macejkovic;Claudia_Murphy@gmail.com;479-213-9031;Oregon;2020-12-15T23:41:08;2020-12-15T21:20:42
7;Accountability Realigned;Janelle;Hermiston;Skyla81@hotmail.com;416-271-5510;Lesotho Bedfordshire quantifying;2020-12-15T19:05:36;2020-12-15T20:32:11
8;Borders Gabon;Luigi;Bogan;Mable.Langosh@hotmail.com;259.555.2061 x6227;web-readiness support Rustic Metal Salad;2020-12-15T20:01:32;2020-12-15T15:30:17
9;Implementation Baby;Palma;Boehm;Jovanny.Goodwin2@hotmail.com;(761) 706-0920 x7193;communities Product hacking;2020-12-16T07:41:29;2020-12-16T00:38:12
10;Savings Account;Savannah;Gorczany;Ambrose_Lubowitz@hotmail.com;484-704-5463 x6965;Communications Cape Verde Escudo;2020-12-16T09:12:20;2020-12-15T22:34:27
